Submission id,Age,Archived at,Completed at,Completion code,Country of birth,Country of residence,Custom study tncs accepted at,Employment status,Ethnicity simplified,Fluent languages,Language,Nationality,Participant id,Reviewed at,Sex,Started at,Status,Student status,Time taken,Total approvals,URL
69ff80b552806fbe409abd5b,41,2026-05-09T18:58:57.190514Z,2026-05-09T18:58:56.773000Z,NOCODE,United States,United States,Not Applicable,Part-Time,White,English,English,United States,69f19e8f651a0a0e96b3faa0,2026-05-09T20:06:40.823000Z,Female,2026-05-09T18:45:18.024000Z,APPROVED,Yes,819.0,192,https://maria-milosh.github.io/prolific1.html
69ff818a996f4d65a57c80c2,CONSENT_REVOKED,2026-05-09T20:06:56.611711Z,,,CONSENT_REVOKED,CONSENT_REVOKED,Not Applicable,CONSENT_REVOKED,CONSENT_REVOKED,CONSENT_REVOKED,CONSENT_REVOKED,CONSENT_REVOKED,6757069f8e2b810b4fabd66b,,CONSENT_REVOKED,2026-05-09T18:48:49.041000Z,RETURNED,CONSENT_REVOKED,,4559,
69ff82537d9e65cdc405a854,44,2026-05-09T19:22:20.657662Z,2026-05-09T19:22:20.169000Z,NOCODE,United States,United States,Not Applicable,Unemployed (and job seeking),White,English,English,United States,69f0d473b8a80084a75dbe58,2026-05-09T20:12:24.806000Z,Male,2026-05-09T18:52:14.271000Z,APPROVED,No,1806.0,160,https://maria-milosh.github.io/prolific2.html
69ff8293d1c29ef357628034,CONSENT_REVOKED,2026-05-09T20:06:56.612665Z,,,CONSENT_REVOKED,CONSENT_REVOKED,Not Applicable,CONSENT_REVOKED,CONSENT_REVOKED,CONSENT_REVOKED,CONSENT_REVOKED,CONSENT_REVOKED,69e0d979c41f97f199ae7a2e,,CONSENT_REVOKED,2026-05-09T18:53:10.323000Z,RETURNED,CONSENT_REVOKED,,381,
69ff8802bafda0027f8b8866,37,2026-05-09T19:26:58.612911Z,2026-05-09T19:26:58.060000Z,NOCODE,United States,United States,Not Applicable,Full-Time,Prefer not to say,English,English,United States,69fe8ce7c7079966a2443b29,2026-05-09T20:13:10.058000Z,Male,2026-05-09T19:16:24.371000Z,APPROVED,No,634.0,22,https://maria-milosh.github.io/prolific2.html
69ff8c526e0ca2bff9ef1a4e,48,2026-05-09T20:01:55.235000Z,2026-05-09T20:01:54.590000Z,NOCODE,United States,United States,Not Applicable,Unemployed (and job seeking),Black,English,English,United States,5e2c7806bb1a6e000cf7f2e8,2026-05-09T20:09:09Z,Male,2026-05-09T19:34:53.232000Z,APPROVED,No,1622.0,7671,https://maria-milosh.github.io/prolific1.html
69ff8df3c1937205b9600637,38,2026-05-09T19:53:34.229245Z,2026-05-09T19:53:33.787000Z,NOCODE,United States,United States,Not Applicable,Full-Time,White,English,English,United States,69fba244f4fedeaab559df20,2026-05-09T20:08:24.089000Z,Female,2026-05-09T19:41:44.615000Z,APPROVED,No,710.0,12,https://maria-milosh.github.io/prolific1.html
69fff160f5b8a6e9b97c2d7b,42,2026-05-10T03:22:44.865817Z,2026-05-10T03:22:44.438000Z,NOCODE,United States,United States,Not Applicable,Part-Time,White,English,English,United States,69d17b69a03ce03c5863ae3c,2026-05-10T03:49:47.804000Z,Female,2026-05-10T02:46:02.967000Z,APPROVED,No,2202.0,9,https://maria-milosh.github.io/prolific2.html
69fff1627310b444499abd5e,29,2026-05-10T03:02:46.348107Z,2026-05-10T03:02:45.950000Z,NOCODE,United States,United States,Not Applicable,"Not in paid work (e.g. homemaker', 'retired or disabled)",White,"Spanish, English",English,United States,69f39df5fdef5b2e2a84011b,2026-05-10T03:55:32.061000Z,Female,2026-05-10T02:45:57.797000Z,APPROVED,No,1009.0,319,https://maria-milosh.github.io/prolific1.html
69fff16e67d6d930401765d4,CONSENT_REVOKED,,,,CONSENT_REVOKED,CONSENT_REVOKED,Not Applicable,CONSENT_REVOKED,CONSENT_REVOKED,CONSENT_REVOKED,CONSENT_REVOKED,CONSENT_REVOKED,69fa7312448db23e917dc745,,CONSENT_REVOKED,2026-05-10T02:46:12.492000Z,RETURNED,CONSENT_REVOKED,,70,
69fff177136b31ca8844e5af,23,2026-05-10T03:08:00.353189Z,2026-05-10T03:07:59.983000Z,NOCODE,United States,United States,Not Applicable,Part-Time,Mixed,"English, French",English,United States,69fe37c03e3904ce20a603be,2026-05-10T04:01:28.635000Z,Male,2026-05-10T02:46:20.441000Z,APPROVED,No,1300.0,2,https://maria-milosh.github.io/prolific1.html
69fff17dd2e93df5f28fb4d4,41,2026-05-10T03:06:50.622513Z,2026-05-10T03:06:50.243000Z,NOCODE,Saudi Arabia,United States,Not Applicable,Unemployed (and job seeking),Asian,"Tagalog-Filipino, English",English,United States,69f7a582e15e9f04b402220d,2026-05-10T03:46:41.019000Z,Male,2026-05-10T02:46:37.253000Z,APPROVED,No,1213.0,86,https://maria-milosh.github.io/prolific2.html
69fff18284b5e69d7f8a57bf,24,2026-05-10T03:01:36.468985Z,2026-05-10T03:01:36.101000Z,NOCODE,United States,United States,Not Applicable,"Not in paid work (e.g. homemaker', 'retired or disabled)",Black,English,English,United States,69d80b5299d9157da91c5d67,2026-05-10T03:52:34.490000Z,Female,2026-05-10T02:46:31.165000Z,APPROVED,No,905.0,211,https://maria-milosh.github.io/prolific1.html
69fff18c4a2f87bbfe616020,24,2026-05-10T03:08:35.011275Z,2026-05-10T03:08:34.637000Z,NOCODE,United States,United States,Not Applicable,Full-Time,White,English,English,United States,69ff701969e44c4a44aecb08,2026-05-10T03:47:21.730000Z,Female,2026-05-10T02:46:41.443000Z,APPROVED,No,1314.0,9,https://maria-milosh.github.io/prolific2.html
69fff19e846d7fee19d1dc95,34,2026-05-10T03:19:23.575020Z,2026-05-10T03:19:23.138000Z,NOCODE,United States,United States,Not Applicable,Full-Time,Black,English,English,United States,69ee984c37a967ebd3b3ea5f,2026-05-10T03:49:21.458000Z,Female,2026-05-10T02:46:59.313000Z,APPROVED,No,1944.0,43,https://maria-milosh.github.io/prolific2.html
69fff1a366edd49f90c462b8,CONSENT_REVOKED,,,,CONSENT_REVOKED,CONSENT_REVOKED,Not Applicable,CONSENT_REVOKED,CONSENT_REVOKED,CONSENT_REVOKED,CONSENT_REVOKED,CONSENT_REVOKED,69612c8d7d50cf2f11a27025,,CONSENT_REVOKED,2026-05-10T02:47:07.358000Z,RETURNED,CONSENT_REVOKED,,843,
69fff1a6ff07a39bc0c692cc,46,2026-05-10T03:00:47.924594Z,2026-05-10T03:00:47.559000Z,NOCODE,United States,United States,Not Applicable,Full-Time,Black,English,English,United States,66da824cbc26079e9e3c06a1,2026-05-10T03:40:54.340000Z,Female,2026-05-10T02:47:15.737000Z,APPROVED,No,812.0,220,https://maria-milosh.github.io/prolific2.html
69fff1a8b43b447e5284a6e2,46,2026-05-10T03:08:15.965527Z,2026-05-10T03:08:15.593000Z,NOCODE,El Salvador,United States,Not Applicable,Full-Time,Other,"English, Spanish",Spanish,United States,69fe325de3abb95a926322fc,2026-05-10T03:57:32.248000Z,Female,2026-05-10T02:47:10.186000Z,APPROVED,No,1266.0,4,https://maria-milosh.github.io/prolific1.html
69fff1ab4a2f87bbfe616024,CONSENT_REVOKED,,,,CONSENT_REVOKED,CONSENT_REVOKED,Not Applicable,CONSENT_REVOKED,CONSENT_REVOKED,CONSENT_REVOKED,CONSENT_REVOKED,CONSENT_REVOKED,69fe4ef475245defa6e103a0,,CONSENT_REVOKED,2026-05-10T02:47:12.095000Z,RETURNED,CONSENT_REVOKED,,27,
69fff1afef70e795a62f7c05,26,2026-05-10T03:02:43.147497Z,2026-05-10T03:02:42.790000Z,NOCODE,United States,United States,Not Applicable,Full-Time,White,English,English,United States,69fe0f2c7df2c1531416b00e,2026-05-10T03:54:16.989000Z,Female,2026-05-10T02:47:31.537000Z,APPROVED,No,912.0,24,https://maria-milosh.github.io/prolific1.html
69fff1dde0268df1a544309b,38,2026-05-10T03:03:59.452053Z,2026-05-10T03:03:59.055000Z,NOCODE,United States,United States,Not Applicable,Full-Time,Black,English,English,United States,69ff3d0fd2d7a294440c4078,2026-05-10T03:45:31.774000Z,Female,2026-05-10T02:48:02.990000Z,APPROVED,No,957.0,0,https://maria-milosh.github.io/prolific2.html
69fff205c6b8180796640cd3,32,2026-05-10T03:00:46.556929Z,2026-05-10T03:00:46.168000Z,NOCODE,United States,United States,Not Applicable,Unemployed (and job seeking),Black,English,English,United States,69ffe5fc7768b5e4360c87cf,2026-05-10T18:11:26.200000Z,Male,2026-05-10T02:48:42.333000Z,APPROVED,No,724.0,0,https://maria-milosh.github.io/prolific1.html
69fff2187ad1fe76c7e09c12,37,2026-05-10T03:04:10.851662Z,2026-05-10T03:04:10.466000Z,NOCODE,China,United States,Not Applicable,Full-Time,Asian,English,Chinese,China,68c9a882ae915e833ed44824,2026-05-10T03:44:42.135000Z,Female,2026-05-10T02:49:01.464000Z,APPROVED,No,910.0,1311,https://maria-milosh.github.io/prolific2.html
69fff21ef2bb52f99f10dd98,19,2026-05-10T03:02:10.294021Z,2026-05-10T03:02:09.898000Z,NOCODE,United States,United States,Not Applicable,Unemployed (and job seeking),White,English,English,United States,69fd9b1aa42a563af17aa5f7,2026-05-10T03:55:59.493000Z,Male,2026-05-10T02:49:22.995000Z,APPROVED,No,767.0,7,https://maria-milosh.github.io/prolific1.html
69fff2402315a9959fe257ca,34,2026-05-10T03:05:41.034019Z,2026-05-10T03:05:40.666000Z,NOCODE,United States,United States,Not Applicable,Unemployed (and job seeking),White,English,English,United States,69ff92fbc83ad6c756a830ab,2026-05-10T03:46:04.465000Z,Female,2026-05-10T02:49:40.300000Z,APPROVED,No,961.0,3,https://maria-milosh.github.io/prolific2.html
69fff25f191486b9017c2d69,31,2026-05-10T03:21:13.254005Z,2026-05-10T03:21:12.861000Z,NOCODE,United States,United States,Not Applicable,"Not in paid work (e.g. homemaker', 'retired or disabled)",White,English,English,United States,69ff75c617a000723430c199,2026-05-10T04:07:11.931000Z,Female,2026-05-10T02:50:12.408000Z,APPROVED,No,1861.0,4,https://maria-milosh.github.io/prolific1.html
69fff26548f87f3019e38645,38,2026-05-10T03:02:48.398212Z,2026-05-10T03:02:48.008000Z,NOCODE,United States,United States,Not Applicable,Full-Time,White,English,English,United States,69f69168135d0e6bff792864,2026-05-10T03:43:56.921000Z,Male,2026-05-10T02:50:16.919000Z,APPROVED,No,752.0,9,https://maria-milosh.github.io/prolific2.html
69fff26a5d03ac05a8a2e53c,33,2026-05-10T03:10:06.291653Z,2026-05-10T03:10:05.902000Z,NOCODE,United States,United States,Not Applicable,Full-Time,Other,English,English,United States,69f3b2e5210ca765041e6fbc,2026-05-10T04:01:58.028000Z,Female,2026-05-10T02:50:23.264000Z,APPROVED,No,1183.0,29,https://maria-milosh.github.io/prolific1.html
69fff270fe704e5ab46ae45a,64,2026-05-10T03:23:52.491801Z,2026-05-10T03:23:52.110000Z,NOCODE,United States,United States,Not Applicable,"Not in paid work (e.g. homemaker', 'retired or disabled)",White,English,English,United States,69f781a26400480ac8e85f88,2026-05-10T04:08:23.368000Z,Female,2026-05-10T02:50:33.201000Z,APPROVED,No,1999.0,3,https://maria-milosh.github.io/prolific1.html
69fff2756b6ed4c45e1116cf,33,2026-05-10T02:59:18.910408Z,2026-05-10T02:59:18.512000Z,NOCODE,United States,United States,Not Applicable,Unemployed (and job seeking),White,English,English,United States,69fb9b18425836930487d113,2026-05-10T18:11:26.463000Z,Male,2026-05-10T02:50:33.892000Z,APPROVED,No,525.0,24,https://maria-milosh.github.io/prolific1.html
69fff2b6c7955505550655da,28,2026-05-10T03:11:49.592657Z,2026-05-10T03:11:49.138000Z,NOCODE,United States,United States,Not Applicable,Unemployed (and job seeking),Mixed,English,English,United States,69fe9111e0a596b64fc3a4b9,2026-05-10T04:04:33.281000Z,Female,2026-05-10T02:52:13.211000Z,APPROVED,No,1176.0,1,https://maria-milosh.github.io/prolific1.html
69fff2c09fbe94a5bdfe2d20,31,2026-05-10T03:08:08.734754Z,2026-05-10T03:08:08.363000Z,NOCODE,United States,United States,Not Applicable,Full-Time,Asian,"English, Mandarin",English,United States,69f8c67fdad98407c468a214,2026-05-10T03:59:23.160000Z,Female,2026-05-10T02:51:49.911000Z,APPROVED,No,979.0,110,https://maria-milosh.github.io/prolific1.html
69fff2c28c303fb1cc75c8ea,69,2026-05-10T03:09:38.538900Z,2026-05-10T03:09:38.156000Z,NOCODE,United States,United States,Not Applicable,"Not in paid work (e.g. homemaker', 'retired or disabled)",White,"English, Spanish",English,Armenia,613e157ccd6af6049001ce25,2026-05-10T04:02:53.476000Z,Female,2026-05-10T02:51:49.727000Z,APPROVED,No,1069.0,9920,https://maria-milosh.github.io/prolific1.html
69fff2d78a73b92884796f10,36,,,,United States,United States,Not Applicable,Part-Time,Black,English,English,United States,69aefc6e77792c959360cea0,,Female,2026-05-10T02:52:24.189000Z,TIMED-OUT,No,55217.0,452,
69fff30143cc055767056bad,39,2026-05-10T03:07:27.287458Z,2026-05-10T03:07:26.867000Z,NOCODE,United States,United States,Not Applicable,Full-Time,Asian,English,English,United States,69fed5e3b5d7fb4bf03a35cc,2026-05-10T03:56:22.631000Z,Male,2026-05-10T02:52:53.775000Z,APPROVED,No,874.0,18,https://maria-milosh.github.io/prolific1.html
69fff34b3365eb424c056b99,19,2026-05-10T03:20:33.339120Z,2026-05-10T03:20:32.930000Z,NOCODE,Philippines,United States,Not Applicable,Unemployed (and job seeking),Asian,English,English,Philippines,69ff7a564db9204d3b23cd31,2026-05-10T04:05:25.111000Z,Male,2026-05-10T02:54:07.237000Z,APPROVED,Yes,1586.0,3,https://maria-milosh.github.io/prolific1.html
69fff3659d5dd8fabd8b885f,37,2026-05-10T03:20:42.310768Z,2026-05-10T03:20:41.911000Z,69f7d945421283b0fd86a36c,United States,United States,Not Applicable,Full-Time,White,English,English,United States,69f7d945421283b0fd86a36c,2026-05-10T04:06:03.982000Z,Male,2026-05-10T02:54:32.385000Z,APPROVED,No,1570.0,30,https://maria-milosh.github.io/prolific1.html
69fff3a6495cf6fc0423c581,25,2026-05-10T03:08:48.202741Z,2026-05-10T03:08:47.832000Z,NOCODE,United States,United States,Not Applicable,Other,White,"English, Spanish",English,United States,69fd20d07c7a3a4fcc67ab00,2026-05-10T04:02:21.299000Z,Male,2026-05-10T02:55:39.967000Z,APPROVED,No,788.0,32,https://maria-milosh.github.io/prolific1.html
69fff3c19a0f18a799e2b0ee,23,2026-05-10T03:05:41.183897Z,2026-05-10T03:05:40.630000Z,NOCODE,United States,United States,Not Applicable,Unemployed (and job seeking),White,English,English,United States,69ec47797558517100c34b99,2026-05-10T03:56:44.104000Z,Male,2026-05-10T02:56:07.857000Z,APPROVED,No,573.0,87,https://maria-milosh.github.io/prolific1.html
69fff3e0624de64c8c1f144c,30,2026-05-10T03:12:05.865680Z,2026-05-10T03:12:05.455000Z,NOCODE,United States,United States,Not Applicable,Full-Time,Asian,English,English,United States,69fab4ea0d230cdeb82e66fb,2026-05-10T04:05:03.672000Z,Male,2026-05-10T02:56:41.636000Z,APPROVED,No,924.0,54,https://maria-milosh.github.io/prolific1.html
69fff43bf4b8e6731f5484c1,29,2026-05-10T03:06:36.057630Z,2026-05-10T03:06:34.702000Z,NOCODE,United States,United States,Not Applicable,Full-Time,White,English,English,United States,69ffc6f620b31c75a8c503cc,2026-05-10T03:57:07.309000Z,Male,2026-05-10T02:58:07.950000Z,APPROVED,No,507.0,1,https://maria-milosh.github.io/prolific1.html
69fff4a9302c137cbb2ded5d,47,2026-05-10T03:23:51.043369Z,2026-05-10T03:23:50.662000Z,NOCODE,United States,United States,Not Applicable,Full-Time,White,English,English,United States,66d63bf354de4c20d9369e20,2026-05-10T04:08:01.518000Z,Male,2026-05-10T02:59:56.949000Z,APPROVED,No,1434.0,8893,https://maria-milosh.github.io/prolific1.html
69fff4b87194d08f3222cc60,37,2026-05-10T03:32:04.786211Z,2026-05-10T03:32:04.329000Z,NOCODE,United States,United States,Not Applicable,Full-Time,White,English,English,United States,69417b22e57b2188a215d5bf,2026-05-10T04:08:46.774000Z,Male,2026-05-10T03:00:14.889000Z,APPROVED,No,1910.0,1129,https://maria-milosh.github.io/prolific1.html
69fff537537e7558a43cb8a3,29,,,,United States,United States,Not Applicable,Full-Time,White,English,English,United States,69ffc493382c0b6a40749dbf,,Male,2026-05-10T03:02:18.889000Z,TIMED-OUT,No,54623.0,3,
69fff5742315a9959fe25800,47,2026-05-10T03:21:21.098091Z,2026-05-10T03:21:20.558000Z,NOCODE,United States,United States,Not Applicable,Full-Time,Other,English,English,United States,5cbcfce214b3cb0015f03471,2026-05-10T04:06:34.651000Z,Male,2026-05-10T03:03:26.048000Z,APPROVED,Yes,1075.0,13877,https://maria-milosh.github.io/prolific1.html
69fff5b5ba12877f8752897d,19,2026-05-10T03:23:44.695507Z,2026-05-10T03:23:44.306000Z,NOCODE,United States,United States,Not Applicable,Unemployed (and job seeking),Black,English,English,United States,69e01e453bb2ac9e2334ee26,2026-05-10T04:07:36.210000Z,Male,2026-05-10T03:04:36.800000Z,APPROVED,Yes,1148.0,129,https://maria-milosh.github.io/prolific1.html
69fff81eae4971e4e509ca05,53,2026-05-10T03:40:28.512501Z,2026-05-10T03:40:28.132000Z,NOCODE,United States,United States,Not Applicable,Full-Time,White,English,English,United States,66295979973d480359d7ddee,2026-05-10T03:50:15.386000Z,Female,2026-05-10T03:14:48.205000Z,APPROVED,No,1540.0,3338,https://maria-milosh.github.io/prolific2.html
69fffbbb05428533cd8295a3,33,2026-05-10T03:49:29.351399Z,2026-05-10T03:49:28.749000Z,DONATION2024COMPLETE,United States,United States,Not Applicable,Full-Time,Black,English,English,United States,63ea6344bf5cfafd40b0dce2,2026-05-10T04:10:30.073000Z,Female,2026-05-10T03:30:30.159000Z,APPROVED,Yes,1139.0,7281,https://maria-milosh.github.io/prolific1.html
69ffff3f443fa122de2df146,38,2026-05-10T03:53:58.547628Z,2026-05-10T03:53:57.940000Z,NOCODE,United States,United States,Not Applicable,Full-Time,White,English,English,United States,69ebefb13fa79ffb15bf3943,2026-05-10T04:10:49.678000Z,Male,2026-05-10T03:45:07.485000Z,APPROVED,No,531.0,150,https://maria-milosh.github.io/prolific1.html
